{
"Profiles": [
{
  "Use Non-ASCII Font" : false,
  "Tags" : [

  ],
  "Ansi 12 Color" : {
    "Red Component" : 0.5490196078431373,
    "Color Space" : "sRGB",
    "Blue Component" : 0.93333333333333335,
    "Alpha Component" : 1,
    "Green Component" : 0.66666666666666663
  },
  "Ansi 7 Color" : {
    "Red Component" : 0.70980392156862748,
    "Color Space" : "sRGB",
    "Blue Component" : 0.88627450980392153,
    "Alpha Component" : 1,
    "Green Component" : 0.74901960784313726
  },
  "Ansi 8 Color" : {
    "Red Component" : 0.3843137254901961,
    "Color Space" : "sRGB",
    "Blue Component" : 0.50196078431372548,
    "Alpha Component" : 1,
    "Green Component" : 0.40784313725490196
  },
  "Bold Color" : {
    "Red Component" : 0.77647058823529413,
    "Color Space" : "sRGB",
    "Blue Component" : 0.96078431372549022,
    "Alpha Component" : 1,
    "Green Component" : 0.81568627450980391
  },
  "Ansi 9 Color" : {
    "Red Component" : 0.90588235294117647,
    "Color Space" : "sRGB",
    "Blue Component" : 0.51764705882352946,
    "Alpha Component" : 1,
    "Green Component" : 0.50980392156862742
  },
  "Ansi 6 Color" : {
    "Red Component" : 0.50588235294117645,
    "Color Space" : "sRGB",
    "Blue Component" : 0.74509803921568629,
    "Alpha Component" : 1,
    "Green Component" : 0.78431372549019607
  },
  "Right Option Key Sends" : 0,
  "Rows" : 25,
  "Default Bookmark" : "No",
  "Cursor Guide Color" : {
    "Red Component" : 0.77647058823529413,
    "Color Space" : "sRGB",
    "Blue Component" : 0.96078431372549022,
    "Alpha Component" : 0.070000000000000034,
    "Green Component" : 0.81568627450980391
  },
  "Non-ASCII Anti Aliased" : true,
  "Use Bright Bold" : true,
  "Ansi 10 Color" : {
    "Red Component" : 0.65098039215686276,
    "Color Space" : "sRGB",
    "Blue Component" : 0.53725490196078429,
    "Alpha Component" : 1,
    "Green Component" : 0.81960784313725488
  },
  "Ambiguous Double Width" : false,
  "Jobs to Ignore" : [
    "rlogin",
    "ssh",
    "slogin",
    "telnet"
  ],
  "Ansi 15 Color" : {
    "Red Component" : 0.6470588235294118,
    "Color Space" : "sRGB",
    "Blue Component" : 0.80784313725490198,
    "Alpha Component" : 1,
    "Green Component" : 0.67843137254901964
  },
  "Foreground Color" : {
    "Red Component" : 0.77647058823529413,
    "Color Space" : "sRGB",
    "Blue Component" : 0.96078431372549022,
    "Alpha Component" : 1,
    "Green Component" : 0.81568627450980391
  },
  "Working Directory" : "\/Users\/P3193379",
  "Blinking Cursor" : false,
  "Disable Window Resizing" : true,
  "Sync Title" : false,
  "Prompt Before Closing 2" : false,
  "BM Growl" : true,
  "Command" : "",
  "Description" : "Default",
  "Mouse Reporting" : true,
  "Screen" : -1,
  "Selection Color" : {
    "Red Component" : 0.3843137254901961,
    "Color Space" : "sRGB",
    "Blue Component" : 0.50196078431372548,
    "Alpha Component" : 1,
    "Green Component" : 0.40784313725490196
  },
  "Columns" : 80,
  "Idle Code" : 0,
  "Ansi 13 Color" : {
    "Red Component" : 0.95686274509803926,
    "Color Space" : "sRGB",
    "Blue Component" : 0.89411764705882357,
    "Alpha Component" : 1,
    "Green Component" : 0.72156862745098038
  },
  "Custom Command" : "No",
  "ASCII Anti Aliased" : true,
  "Non Ascii Font" : "Monaco 12",
  "Vertical Spacing" : 1,
  "Use Bold Font" : true,
  "Option Key Sends" : 0,
  "Selected Text Color" : {
    "Red Component" : 0.77647058823529413,
    "Color Space" : "sRGB",
    "Blue Component" : 0.96078431372549022,
    "Alpha Component" : 1,
    "Green Component" : 0.81568627450980391
  },
  "Background Color" : {
    "Red Component" : 0.18823529411764706,
    "Color Space" : "sRGB",
    "Blue Component" : 0.27450980392156865,
    "Alpha Component" : 1,
    "Green Component" : 0.20392156862745098
  },
  "Character Encoding" : 4,
  "Ansi 11 Color" : {
    "Red Component" : 0.89803921568627454,
    "Color Space" : "sRGB",
    "Blue Component" : 0.56470588235294117,
    "Alpha Component" : 1,
    "Green Component" : 0.78431372549019607
  },
  "Use Italic Font" : true,
  "Unlimited Scrollback" : true,
  "Keyboard Map" : {
    "0x7f-0x80000-0x33" : {
      "Version" : 2,
      "Apply Mode" : 0,
      "Action" : 11,
      "Text" : "0x17",
      "Escaping" : 2
    },
    "0xf702-0x280000" : {
      "Action" : 10,
      "Text" : "b"
    },
    "0xf702-0x300000" : {
      "Action" : 11,
      "Text" : "0x1"
    },
    "0xf703-0x280000" : {
      "Action" : 10,
      "Text" : "f"
    },
    "0x7f-0x100000" : {
      "Action" : 11,
      "Text" : "0x15"
    },
    "0xf728-0x80000" : {
      "Action" : 10,
      "Text" : "d"
    },
    "0xf728-0x0" : {
      "Action" : 11,
      "Text" : "0x4"
    },
    "0xf703-0x300000" : {
      "Action" : 11,
      "Text" : "0x5"
    }
  },
  "Window Type" : 0,
  "Blur Radius" : 0.10000000000000001,
  "Background Image Location" : "",
  "Blur" : false,
  "Badge Color" : {
    "Red Component" : 0.92929404973983765,
    "Color Space" : "P3",
    "Blue Component" : 0.13960540294647217,
    "Alpha Component" : 0.5,
    "Green Component" : 0.25479039549827576
  },
  "Scrollback Lines" : 0,
  "Send Code When Idle" : false,
  "Close Sessions On End" : true,
  "Terminal Type" : "xterm-256color",
  "Visual Bell" : true,
  "Flashing Bell" : false,
  "Place Prompt at First Column" : false,
  "Silence Bell" : true,
  "Ansi 14 Color" : {
    "Red Component" : 0.50588235294117645,
    "Color Space" : "sRGB",
    "Blue Component" : 0.74509803921568629,
    "Alpha Component" : 1,
    "Green Component" : 0.78431372549019607
  },
  "Name" : "Default",
  "Cursor Text Color" : {
    "Red Component" : 0.18823529411764706,
    "Color Space" : "sRGB",
    "Blue Component" : 0.27450980392156865,
    "Alpha Component" : 1,
    "Green Component" : 0.20392156862745098
  },
  "Minimum Contrast" : 0.54868469238281248,
  "Shortcut" : "",
  "Match Background Color" : {
    "Red Component" : 1,
    "Color Space" : "P3",
    "Blue Component" : 0,
    "Alpha Component" : 1,
    "Green Component" : 1
  },
  "Cursor Color" : {
    "Red Component" : 0.94901960784313721,
    "Color Space" : "sRGB",
    "Blue Component" : 0.81176470588235294,
    "Alpha Component" : 1,
    "Green Component" : 0.83529411764705885
  },
  "Transparency" : 0.44583852163080978,
  "Guid" : "D98FE18F-C1A2-4D6D-A349-D2E9A58372D1",
  "Custom Directory" : "No",
  "Link Color" : {
    "Red Component" : 0.59999999999999998,
    "Color Space" : "sRGB",
    "Blue Component" : 0.85882352941176465,
    "Alpha Component" : 1,
    "Green Component" : 0.81960784313725488
  },
  "Ansi 4 Color" : {
    "Red Component" : 0.5490196078431373,
    "Color Space" : "sRGB",
    "Blue Component" : 0.93333333333333335,
    "Alpha Component" : 1,
    "Green Component" : 0.66666666666666663
  },
  "Ansi 5 Color" : {
    "Red Component" : 0.95686274509803926,
    "Color Space" : "sRGB",
    "Blue Component" : 0.89411764705882357,
    "Alpha Component" : 1,
    "Green Component" : 0.72156862745098038
  },
  "Ansi 0 Color" : {
    "Red Component" : 0.31764705882352939,
    "Color Space" : "sRGB",
    "Blue Component" : 0.42745098039215684,
    "Alpha Component" : 1,
    "Green Component" : 0.3411764705882353
  },
  "Ansi 1 Color" : {
    "Red Component" : 0.90588235294117647,
    "Color Space" : "sRGB",
    "Blue Component" : 0.51764705882352946,
    "Alpha Component" : 1,
    "Green Component" : 0.50980392156862742
  },
  "Normal Font" : "Monaco 12",
  "Horizontal Spacing" : 1,
  "Ansi 3 Color" : {
    "Red Component" : 0.89803921568627454,
    "Color Space" : "sRGB",
    "Blue Component" : 0.56470588235294117,
    "Alpha Component" : 1,
    "Green Component" : 0.78431372549019607
  },
  "Ansi 2 Color" : {
    "Red Component" : 0.65098039215686276,
    "Color Space" : "sRGB",
    "Blue Component" : 0.53725490196078429,
    "Alpha Component" : 1,
    "Green Component" : 0.81960784313725488
  }
},
{
  "Working Directory" : "\/Users\/P3193379",